{
  "features": [
    "sog",
    "cog",
    "heading",
    "status",
    "dt",
    "dist_km",
    "cog_hdg_diff",
    "sog_change",
    "cog_hdg_change",
    "speed_consistency",
    "lat_speed",
    "lon_speed"
  ],
  "min": [
    0.0,
    0.0,
    0.0,
    0.0,
    0.0,
    0.0,
    -1.0,
    0.0,
    0.0,
    0.0,
    -0.000239,
    -0.000287
  ],
  "max": [
    52.2,
    359.9,
    511.0,
    15.0,
    599.0,
    7.8156,
    180.0,
    47.3,
    180.0,
    260.5237,
    0.000239,
    0.000281
  ]
}