{
  "features": [
    "sog",
    "cog",
    "heading",
    "status",
    "dt",
    "dist_km",
    "cog_hdg_diff",
    "sog_change",
    "cog_hdg_change",
    "cog_hdg_std",
    "speed_consistency",
    "sog_consistency",
    "lat_speed",
    "lon_speed"
  ],
  "min": [
    0.0,
    0.0,
    0.0,
    0.0,
    0.0,
    0.0,
    -1.0,
    0.0,
    0.0,
    0.0,
    0.0,
    0.0,
    -0.000239,
    -0.000287
  ],
  "max": [
    73.6,
    359.9,
    511.0,
    15.0,
    599.0,
    7.8156,
    180.0,
    68.7,
    180.0,
    127.2792,
    347.1801,
    30357817.4753,
    0.000239,
    0.000281
  ]
}