{
  "features": [
    "sog",
    "cog",
    "heading",
    "status",
    "dt",
    "dist_km",
    "cog_hdg_diff",
    "sog_change",
    "cog_hdg_change",
    "speed_consistency",
    "lat_speed",
    "lon_speed"
  ],
  "min": [
    0.0,
    0.0,
    0.0,
    0.0,
    0.0,
    0.0,
    -1.0,
    0.0,
    0.0,
    0.0,
    -0.000192,
    -0.000257
  ],
  "max": [
    41.7,
    359.9,
    511.0,
    15.0,
    599.0,
    5.4629,
    180.0,
    31.3,
    179.8,
    108.0283,
    0.000158,
    0.000259
  ]
}